segment_id,video_id,audio_path,mistral_transcript,ctc_transcript,cer_agreement,wer_agreement,character_similarity,word_similarity,length_ratio,ctc_confidence,provisional_quality_score,human_label,corrected_transcript,reviewer_notes
2O7Vcw_pw_o,2O7Vcw_pw_o,C:\Users\BadrJOULALI\Downloads\mistral_darija_stt_benchmark\audio\2O7Vcw_pw_o.mp3,"goodness because mssa is evening lkhir is goodness can you say that? awesome let's move to the next one lila sa3ida once again lila sa3ida good night but let's break it down so we have the word lila which stands for a night and then we have sa3ida which means happy so I'm literally saying night happy This is how Moroccans say good night. And again, try to train yourself on the pronunciation of the word sa3ida letter ayn. But this time it sounds ay ay. We say sa3ida. Can you say that again? Very good. And there is another way to say good night, we will see it now. Stay tuned. تصبح على خير تصبح على خير can you repeat it؟ Very good, but let's try to explain it a little bit. Actually, this is a phrasal sentence, which means that the first word means to wake up, to get up. It's an action word. And then there is the word على which means on, it's a preposition. And the last one is goodness, khir stands for goodness. So I'm literally saying waking up on goodness. And if it didn't make a sound, let's say it is the equivalent of have a good morning when you wake up. This is how people communicate in this part of the world. It's a different language, different culture. And once again, don't forget letter ayn. This time we pronounce it ay.",,,,,,,,,,,
65diFD9f8AA,65diFD9f8AA,C:\Users\BadrJOULALI\Downloads\mistral_darija_stt_benchmark\audio\65diFD9f8AA.mp3,مهم ما عرفت صراحة شحال كتبونا كتبونا يا جماعة الله يسطر عليكم واش هاداك الشي كاين ولا ما كاينش واش خوكوم السوري غايتسطى غادي يحماق هنايا ولا باقي وغادي نخماق غادي يخرج ليا العقل خلوني ساكت كل نهار كنقول واه صافي أتقنت هاداك الشي ديال المغربي أتقنت الثقافة المغربية تخرج لي شي حاجة من الجم كاع ما عارفها ونسيت ليكم واحد الحاجة كيلو كاين اللي كيقول كيلو، كيلو مطيشة، كيلو خيال، ما بعرف شنو. كيلو كمان بدل على الفلوس، كيلو وموكا والجعبة. على صراحة الله الكيلو أنا ما عارف شحال. الموكا ما عرفت شحال كتبونا شحال وكاينة هذي الكلمات دلع الفلوس ولا لا موكا وكيلو وريك عرفناها عشر تلاف كيلو ما عرفتوش الجعبة انا عرفتها الجعبة يعني مثلا انا بدي اقضي غلط مع واحد ومثلا واحد أخدتو يشتري شروة سيارة بيت كذا مثل السمسار كاين الجعبة يعني السمسرة ديالي هيك صح ولا غلط كتبونا يا جماعة الله يخليكم كنحس حال بديت كنحماق أنا والله ما عرفت إيه وخلونا على الله وصافي ودابا عنكم موكا كتبونا شحال هي وكيلو واش كاين هذيك كيلو ولا لا أنا كيلو كانعرف غير كيلو مطيشة كيلو طاطا ما عرفت واش بصح ولا لا الصرف الصرف تا هي يعني شوفو غانجمعلكم الكلمات دابا كلها يا تون اللغة ديال الفلوس العاقة عمر الحبة الكرمومة الكرميلة الشقفة ميمي ميمي البركة البركة نسيناها كاينة شي بركة ولا شنو بركة خلاش ديك البركة,,,,,,,,,,,
AGlFChj0sYg,AGlFChj0sYg,C:\Users\BadrJOULALI\Downloads\mistral_darija_stt_benchmark\audio\AGlFChj0sYg.mp3,شوف ما يبرد الجوف، أنظر لا تبرد أنظار الآخرين، وتحية ولات تحت حمام، وتحية القيب والشواية، وتحية ولات تحت حمام، هزموني ورزموني وما تعولوش عليا. حزموني ورزموني ولا تعولوا عليا تحية لولاد تحت حمام ويحيا مول الكابيتو تحية المدرسة عبد السلام السايح وتحية خالد مول الحانوت خالد مول الحانوت يالا نتا تشارتي على وجهنا قبل ما يجي le domaine دابا تشارتي وتحية لعمي بوسمة يا ما تبقاش تقولك نية ما دير الخير ما يطرا باس لا تفعرو الخيرة وينكرونه وتحية ولات تحت حمام مالك مغيا ماذا بك يا عزيزي يا حبيبي يا خليلي يا شبيني la compétition ما بين الأجيال نشوفو الجيل ديالهم والجيل ديالك شكون اللي غادي يتحزم الشوف ما يبرد الجوف النظرة شنو يترجمها ديالتو هو النظرة يبرد النظرة لا يبرد الجوف لا يبرد الجوف النظرة لا يشفي غليلة معلم الله يحفظك الله يحفظك شريت بياسة حارة ça dépend على البياسة إلا شريتي توتة توتة، هانتوما عارفين شنو هي توتة؟ توتة، هاه، دبرتي على شي توتة، شي بياسة، بياسة حارة، بياسة، إيه أنا درك واحد collier مدبر عليها بياسة بخير. j'ai acheté des خامي خامي de mon qualité، حارة. أنا قلبي إليك ميال، الله الله، يا درا وما فيش غيرك على البال، أنا قلبي إليك ميال، وما فيش غيرك على البال، يا غسان أنت اللي حبيبي، يا غسان أنت اللي حبيبي، مهني,,,,,,,,,,,
CJF3xc-hoBM,CJF3xc-hoBM,C:\Users\BadrJOULALI\Downloads\mistral_darija_stt_benchmark\audio\CJF3xc-hoBM.mp3,كل دولة وكل شعب يغير ويحور الكلمات اللغة العربية ويضيف إليها حروف وينقص منها حروف ويمزج كلمات مع بعضها البعض لتعطينا كلمات جديدة في ظاهرها تبدو أنها ليست عربية ولا علاقة لها باللغة العربية لكي تلائم ثقافة وتقاليد ولسان أهل البلد ولذلك من كان بيته من زجاج لا يرمي الناس بالحجارة طبعا أنا فقط أمزح معكم لا تأخذوا هذا الفيديو بمحم الجد نحن نأخذ ونعطي مع بعض سيقول لك آخر والله العظيم المغاربة يفهمون كل لهجات الوطن العربي لكن لماذا نحن المشارقة لا نفهم لهجتكم؟ هذا يعني أن لهجتنا سهلة في حين أن لهجتكم صعبة فبماذا ستحل هذا الإشكال وهذه المعضلة يا يوسف؟ الجواب بسيط جدا واحفظوه وتذكر قبل ما أعطيك الجواب إذا كنت مستمتع بالفيديو فقط خلي like ولو كنت أول مرة تابعني أنا يوسف أعبو صانع محتوى من المغرب من المملكة المغربية أنشر حلقات وفيديوهات متنوعة ومختلفة أنشر مراجعات عن كتب وروايات قصص جرائم وسفاحين حلقات غموض ورعب حلقات علمية عن الفيزياء والكيمياء والكون والفلك وكل المواضيع المختلفة لك الحق تشترك ولك الحق أن تتابع بدون أن تشترك سيقول لك ذلك الشخص بأن لهجتنا مفهومة لأنه ليس فيها كلمات أجنبية في حين أن اللهجة المغربية فيها كلمات أجنبية متأكد؟ متأكد 100% لهجتك ليس فيها كلمات أجنبية؟ هل المغاربة وحدهم من لديهم كلمات دخيلة؟ متأكد للمرة الأخيرة طيب خلينا نشوف لنأخذ اللهجة المصرية على سبيل المثال وهي تقريبا أكثر لهجة عربية مفهومة مع العلم بأنها من أكثر اللهجات العربية احتواء على كلمات أجنبية مصدوم لا تصدق تابع فاللهجة المصرية فيها كلمات فرنسية كلمات إنجليزية كلمات عثمانية وإيطالية وفارسية أي خمس لغات مع بعضها البعض وهذا المقطع من قناة Egyptian أحبابته هو يوضح هذا الأمر الفيديو يتكلم عن,,,,,,,,,,,
Eie0jMoG9U0,Eie0jMoG9U0,C:\Users\BadrJOULALI\Downloads\mistral_darija_stt_benchmark\audio\Eie0jMoG9U0.mp3,ساعة ما حيينا وقلنا بين دارا فكورة فمن عمرك شفتي هذي المظاهرة لا كذا والمظاهرة دايما لا هو أنا ما كان حاجة ما هو كاس العالم بادي من يوم من يوم إيه من يونيو فاهمني أنت في يوليو فاهم ما حدش يتكلم على التحكيم النهاردة أول مرة اللي كان باين جدا ما تكلموش غير مع ماتش راس لا قدر برضه exact ماتشات الأرجنتين اللي فيها جدال فأنت بتتكلم على جدال دائما هتلاقي اللي فيه جدال دائما ماتشات الأرجنتين ظلم وجبن واضح ومقصود هو الفساد بقى علني فده اللي هو اللي خرج الاتحاد الأوروبي والناس دي كلها نجوم العالم ديال كلهم والصحفيين الأوروبيين أن الفساد بقى علني أيه هو بيعمل كده زي التصريح اللي قاله وبعد كده قال لي خاصو زلت لسان وعاد لأن أنا فير في جميع يعني هو راه في عالم مصر يعني أنا بشجع مصر أنا عارف يعني هو ده اللي أنت أنا أجيب ليكم الأخبار حاليا لأنه يرد يعني على الإشاعات اللي بتطيلوا دلوقتي والكلام اللي بتقال فهو لا أنا صح أنا شايفاها فعلا طريقة داب جد داب جد أنت معاك حق هي فعلا أنا حاسها طريقة داب جد الصورة دي أنا حاسها طريقة ممكن أو ممكن بيهدد بيهدد الأراء لا ما بيهديش أراء بالعكس هو هو أكثر من كده جرأة إيه يا كابتن أحمد حتى في واحد لا ودامي العالم كله عيبا مشجع مصر يقولوا لا أوصي صباحا بيشاورهم ده مشجع مصر أكيد اللي لدقنا وبينا دي فبيقولوا لا لا لا لا أنت بيقولوا حاسس بالعالم لا هو مشجع مصر يا باين يا باين يا باين هو بيهدد الناس الناس تقريبا كتساير عليه لأنه بيقولوا لا لا لا ماشي مش بالعالم أنت خلاص أنت خرجتي أنا من le bureau بس هو زي ما أنت قلتي بقى أول أول groupe تاخدها بانه هو يعني احترام لمنتخب مصر رفع على مصر احترام للأداء اللي منتخب مصر أدى له عليه وبتاع بطولة البطولة اه بطولة البطولة فهو ممكن يكون مساندة معنوية لكن الناس فاهمة ماشي طب هو بعد ما رفع على العالم أنا هعمل إيه؟ أو إحنا كمنتخب هعمل إيه؟ يعني هو أنا بقولك هو بلان شغل وب,,,,,,,,,,,
eY2qIrq4uPc,eY2qIrq4uPc,C:\Users\BadrJOULALI\Downloads\mistral_darija_stt_benchmark\audio\eY2qIrq4uPc.mp3,أوضح أن فرنسا تبقى الأقوى من الناحية البدنية، وهو ما يجعلها قادرة على حسم الكثير من المباريات حتى أمام منافسين يملكون جودة فنية كبيرة. لذلك، فإن المنافسة الحقيقية على اللقب حسب تقديره ستكون بين فرنسا وإسبانيا، باعتبارهما الأكثر جاهزية من جميع الجوانب. وجاءت هذه التصريحات في وقت يواصل فيه المنتخب المغربي التحضير بهدوء لمواجهة ربع النهائي، بعيدا عن الضجة الإعلامية التي بدأت ترتفع قبل اللقاء، فأصول الأطلس يدخلون المباراة بثقة كبيرة بعد المشوار المميز الذي قدموه منذ بداية البطولة. حيث تمكنوا من تجاوز منافسين قوية، وأثبتوا مرة أخرى أنهم أصبحوا منتخبا يصعب التغلب عليه. كما أن المنتخب المغربي لم يصل إلى هذا الدور بفضل الحظ أو الصدفة، وإنما بفضل شخصيات قوية داخل الملعب، وانضباط تكتيكي واضح، وجودة فردية وجماعية جعلته يحظى باحترام مختلف المدارس الكروية، وهو ما جعل كثيرا من المحللين يعتبرون أن المغرب أصبح قادرا على منافسة أي منتخب في العالم مهما كان اسمه أو تاريخه. ورغم أن Wenger لم يرشح المغرب لإيقاف فرنسا، فإن الواقع داخل البطولة يقدم صورة مختلفة تماما، فالمنتخب المغربي يدخل المواجهة بسجل مميز وبثقة متزايدة بعد النتائج التي حققها، بينما يدرك المنتخب الفرنسي أنه سيكون أمام خصم يملك السرعة والمهارة والتنظيم، ويعرف جيدا كيف يتعامل مع المباريات الإقصائية. ومع اقتراب صفيرة البداية، تتجه أنظار عشاق كرة القدم في مختلف أنحاء العالم إلى هذه القمة المنتظرة، التي تجمع بين منتخبين يعيشان فترة,,,,,,,,,,,
GiMg9hsSkdQ,GiMg9hsSkdQ,C:\Users\BadrJOULALI\Downloads\mistral_darija_stt_benchmark\audio\GiMg9hsSkdQ.mp3,"fresh bread, you suddenly want everything. Dangerous situation, honestly. Very dangerous. So one useful phrase is bghit hadak, meaning I want that one. Easy. And if something looks beautiful, you can say zwina. Yes, zwina means beautiful or nice. For example, had lblassa zwina, meaning this place is beautiful. Or had l9ahwa zwina, this café is nice. Morocco honestly has so many beautiful cafés. Especially at night. Oh yes, lights, tea, people talking for three hours. Over one coffee. Classic Moroccan café culture. Okay, another great expression beginners should know is chno. Very useful. chno means what? You'll hear this constantly. For example, chnou smitek? Meaning, what's your name? Or, chnou hakchi? What is this? Honestly, beginners can survive a lot just using chno. True. Point at object, say, chnou hakchi. Boom. Free vocabulary lesson. Exactly. Okay, guys. Mini speaking challenge. Repeat after us. mzyan. hani. zwina. chno. Very good. You already sound more natural. Now, let's talk about Moroccan hospitality. Oh, wow. Prepare yourselves, everyone. If a Moroccan family invites you to eat, you are not escaping hungry. Impossible. Exactly. And one expression you might hear is koul mzyan. Meaning, eat well. Moroccan moms love saying this. And they keep bringing food. More bread, more tea, more chicken, more everything. And if you say, I'm full. They look personally offended. Exactly. Another useful word is barek. Very common. barek means enough. For example, barek mnin dak, meaning enough laughing. Although, honestly, Moroccans never stop laughing during family gatherings. Very.",,,,,,,,,,,
H30u3jvT46k,H30u3jvT46k,C:\Users\BadrJOULALI\Downloads\mistral_darija_stt_benchmark\audio\H30u3jvT46k.mp3,نسخ يا مدح كنظن يا حاسب ما عارفش يا ما مانيش عارف يمكن أو تقدر يا بالك دغيا في ساعة تالف مدة الكنية هي نكوة الريال والدورو الروبيني هي السقاية البوطو هي الطينغرافة الرويضة هي الجرارة الحرشة هي المبسس والملاوي هو المسمن البرد والزفزافي أو السماقري الصهد الحمان الغياب ديال التلاميذ والتزمبيل الوقيد والظلاميط بغرير chrinko شباكية زلابية كاوكاو قاوكاو طبسيل طبسي الصباغة البنتورة، الصندالة النعالة، البير حاسي، الدراري الصغار هما البز أو البزوز، طربوش الشاشية، سخون حامي، الشتا النو، العافية هي النار، تسعود هي تسعة، السم هو الرهج، grillo هو سراق الزيت، الكبير هو الوش أو التبلعيط، الصاك هو الموزط، الثلاجة frigidaire، العيالات bonsoir، شفار أو سراق هو خوان، النعاس هو الرقاد، الشركة هي الكوبانية، الوزغة أو بوبريس الزرمومية، البخيل أو الشحيح هو القرزاز، الطوموبيل l'auto، الموطور هو la moto، الحامض هو الليم، مطيشة طماطيش. الفكوس والكروم، الدلاح والدليع، خيزو الزرودية,,,,,,,,,,,
hsqfUR_FMzU,hsqfUR_FMzU,C:\Users\BadrJOULALI\Downloads\mistral_darija_stt_benchmark\audio\hsqfUR_FMzU.mp3,عليه طوال أربعة أعوام. حنا قررنا باش نديرو هاد القاموس لماذا؟ باش نسهلو الناس فهم الكلمات اللي ما يفهموهاش، كاين كلمات اللي تجي من الشمال ولا من الجنوب، وبغينا يفهمها الجميع. صدر القاموس عن مركز تنمية الدارجة المغربية الذي أسسه عيوش، ويقع في حوالي ألف صفحة. يتضمن كلمات متداولة في الدارجة المغربية وتفسيرها. لكنه لقي معارضة شرسة من قبل المدافعين عن الفصحى، الذين اعتبروه استهدافا جديدا من تيار francophonie للغة العربية. لاحظنا بأن الأطفال الذين يستقبلون باللغة بالدارجة بلغة الأم يفهمون أكثر اللغة العربية. حنا هاد الدارجة وهاد القاموس وهاد القواعد النحل اللي مكتوبة باللغة العربية ستسهل فهم وتثقيف اللغة العربية. إذن ليس ضد اللغة العربية، حنا ليس ضد العربية. هذا القاموس المصور الغني بالأمثلة والحكم المغربية أثار جدلا كبيرا ولاقى رواجا من قبل الأجانب الراغبين في تعلم الدارجة المغربية. بالنسبة لقاموس الدارجة المغربية عرف واحد الإقبال من قراء ولا سياما قراء الأجانب اللي بغاو يتعرفوا على الدارجة المغربية. في المغرب استخدمت الدارجة في الأدب الشعبي وفي الزجل، وهو شكل تقليدي من أشكال الشعر باللغة المحكية. فوزية بوكريان تحاول الحفاظ على هذا التراث عن طريق تدوين العديد من القصائد الزجلية القديمة. لولا الأمطار لا عود كتار، فمالت وما اهتمت، فجأة شح الواد وبقيت عواد وبقى ربي الجواد. تطورت الدارجة المغربية وتوسعت في مجالات كثيرة، دخلت إلى ميدان الإعلانات وإلى ميدان الكتابة في الأدب والصحافة. معظم الجرائد أصبحت تزاوج بين اللغة العربية والمحكية مثل جريدة باب بوبي,,,,,,,,,,,
mHFWO6cmx7o,mHFWO6cmx7o,C:\Users\BadrJOULALI\Downloads\mistral_darija_stt_benchmark\audio\mHFWO6cmx7o.mp3,مستعملة في المشرق راه كاين فرق لأن حنا عندنا تاريخ عندنا مسار خاص هما عندهم مسار آخر ختالف علينا تماما من شرق المغرب وتمشي عندهم تاريخ آخر اش تيقول هنا Van Putte فصفحة 30 رحلة في إمبراطورية المغرب هذا هو العنوان للكتاب جاء في 1791 في عهد مولاي اليزيد العلوي تيقول لاحظت أيضا هذا راه جاو تيشوف ما تتمتع به إمبراطورية المغرب من أهمية استثنائية من أهمية استثنائية حيث تعتبر الدولة الوحيدة التي تستعمل العربية عارية عن أي اختلاط بالتركية يعني اللغة اللي كاين عندنا حنايا ما فيهاش التركية لغة عربية لأننا لا منخضع للترك كما يزعم البعض لا منخضع للترك إذن ما كانش عندنا حنا اللغة التركية معناها أن الأقطار الأخرى خضعات للتتريك حنا ما خضعناش للتتريك خضعات للتتريك وخضعات للفرناسة وخضعات وخضعات المغرب لا محافظ على خصوصيته على التميز نتاعو وتزيد تيقول وفي هذا تبدو أكثر صفاء حتى مما هو الأمر في مسقط أو صنعاء مسقط أو صنعاء لم تخضع الإمبراطورية العثمانية لكن هنا في المغرب هي أكثر صفاء من اللغة التي هي في المشرق خضعنا للتعريب، ادري واش أمير؟ اه، دابا نتا تتبدا تتكلم ليا على دابا؟ تتكلم ليا على دابا؟ ايه، وبغيتو هاد الموضوع نناقشوه حتى هو يناقش الاخوان. ايه، كاين هادشي اللي قلتو كاين. من طرف فعاليات في هاد المجتمع لها ارتباط بالمشرق مباشرة باش نكونو واضحين الاخوان باش نكونو واضحين كاين فعاليات في المجتمع هنا كنتكلم على احزاب سياسية,,,,,,,,,,,
oqG4xie0xW8,oqG4xie0xW8,C:\Users\BadrJOULALI\Downloads\mistral_darija_stt_benchmark\audio\oqG4xie0xW8.mp3,حليت عليه، هادي واحد العشرين دقيقة باش نطفي عليه البوطة، ودابا حليت. كتولي الحيمة طايبة، غادي نهزها غير باش نقشرو، كيتحل بسهولة، لأن صافي الجلدة كتكون طايبة. الكبار كتحكموا فيه نتوما بالنسبة للتقطع اللي بغيتو صغار كبار اللي بغيتو شلل في الكوكوط مزيان، هكا من الجهة ديال السليق، شوفو على الطريفات كيشهيو. الحمص مرتب ليلة قبل باش دغيا كيطيب غادي ندير الحمص والزبيب تا الزبيب راه كان عندي مرتب من قبل بصيلة غير صغيرة هكا غادي نشلضها رقيق الدريس ديال التومة، تا هو غنقطعو راه غيدوب. هادي راه قرفة بلدية على حقها وطريقها حيت كاين الزبيب غندير القرفة إلا بغيتو ديرو غير الحمص ماديروش القرفة ربطت هنايا واحد الربيطة ديال قصيبر ومعدنوس زويطة بلدية الملحة الليبزار معاه غنكثر شاد الليبزار عندي حار بارك سكين كبير خرقوم غندير غير واحد الشوية ديال التحميرة مابغيتش اللون ديالها تجي صفار نشعل عليها عافية مهيلة ونرويها إما الكافي اللي يطيبها ماشي طب هكا الحمص والزبيب والحمر هادغيا غادي يطيب لأنها déjà طايبة غير الطنجرة كتبدا تغلي غادي نشد عليها، نحسب لها هكا واحد تلاتين دقيقة ونحل عليها إن شاء الله,,,,,,,,,,,
p9s7KNt8yoI,p9s7KNt8yoI,C:\Users\BadrJOULALI\Downloads\mistral_darija_stt_benchmark\audio\p9s7KNt8yoI.mp3,donc إلا كنتي باغي دير la maintenance ديال واحد système ديالك,,,,,,,,,,,
qcDk9MoxW3A,qcDk9MoxW3A,C:\Users\BadrJOULALI\Downloads\mistral_darija_stt_benchmark\audio\qcDk9MoxW3A.mp3,علم أن أكثر الكلمات المستعملة في الدارجة المغربية هي في الأصل عربية فصيحة قحة، وتمثل العربية الفصحى أكثر من 70% من الدارجة المغربية. فمثلا قولك حيد أي مل شيئا ما حتى أمر، وقد ورد ذلك في قوله تعالى لا يحيدون أي لا يميلون. وكلمة بزاف يستعملها المغاربة بمعنى كثيرا، وأصلها في اللغة العربية بجزاف، والجزاف ما لا يعلم كيله ولا وزنه، فمعناها في الكثرة واضح جدا. فأدغم المغاربة الحرفين المتقاربين فأصبحت بزاف بزاف. وكلمة خربقة يستعملها المغاربة بمعنى أفسد الشيء، وفي لسان العرب خربق عمله إذا أفسده. الخلعة يستعملها المغاربة بمعنى الخوف والفزع، وفي لسان العرب نقول خلع قلبه أي خاف وارتعب. كلمة الصهد يستعملها المغاربة بمعنى حرارة الجو وسخونته، وفي لسان العرب نقول صهدته الشمس تصهده صهدا أي أصابته وحميت عليه. كلمة هضر ومعناها عند المغاربة تكلم، والهضرة هي الكلام، وأصلها في لسان العرب هي هضرة، والهضر هو الكلام الذي لا يعبأ به. كلمة الدراري يستعملها المغاربة بمعنى الشباب أو الأطفال أو الذرية، وفي لسان العرب الذراري هي جمع ذرية. وكلمة الطنز يستعملها المغاربة بمعنى الاستهزاء، فيقال كتنز عليا أي أنك تهزأ بي، وفي لسان العرب طنز يطنز طنزا أي كلمه باستهزاء. وفي نوادر العرب هؤلاء قوم مدنقة دناق مطنزة إذا كانوا لا خير فيهم وأنفسهم هينة عليهم. ثم كلمة الخامج وتستعمل في وصف الأطعمة والأشخاص، فالخامج هو الفاسد من كل شيء، وخمج في لسان العرب بمعنى إنتان اللحم وفساد التمر والأطعمة، وفساد الدين والخلق وسوء الثناء، ورجل مخمج الأخلاق فاسدها. خنزر فيا يستعملها المغاربة بمعنى نظر إلي نظرة لا تسرني، وجاء في تاج العروس خنزر بمعنى,,,,,,,,,,,
qiQnMqQPpWU,qiQnMqQPpWU,C:\Users\BadrJOULALI\Downloads\mistral_darija_stt_benchmark\audio\qiQnMqQPpWU.mp3,"Times a day. Yeah, so it's positive thinking, right? Exactly, yeah. Cool, I like that. And how would you say, so nobody says, I'm not really good or I'm not feeling well. Nobody says that. No, I mean, it's very rare. I think because people always push themselves to feel better. I don't know if it's just people around me in Morocco or it's the culture, but And it comes from religion usually, like the positivity and, you know, the faith, it's strong. Perfect. Yeah. Okay, let's give a short break to my brain and get to know you a little bit more. So we know each other from dancing, right? We do. What did we dance? Salsa, bachata? No, the first time we met at Latin group. Correct, yes. We met at a swing class. A swing class? We did swing. Oh, wow. Yes. That was a long time ago. I never thought I'd do swing, but I swung by the swing class. Yeah, but you also mentioned that you were doing some extra work in movies and TV shows. Yeah, I'm part of Uptown Crew. Oh yeah, cool. The collective. So we're a group of women from different backgrounds. So it's only women? Yeah, I think it's, no, it's meant to be. Yeah, and so we did a play that went on even to Fringe. Fringe, it's a festival. Cool. And yeah. Good for you. Congratulations. Thank you. It's fun. Okay, now back to learning Moroccan Arabic. How would you say thank you? Thank you. I think it's similar to all Arab countries. You say شكرا. شكرا, okay. Okay. Then, you know, there's like street talk. Like there's so many ways of saying it, but شكرا is... It's universal. How would you say in a street talk? I mean, in my generation, I'm not that old, but I know language changes in Morocco, like the street language every 10 years. But like when I was in high school, we used to say, لحفتك لحفتك لحفتك it means it's thank you but literally it means God protect you oh wow it's intense yeah but when you say it you don't think of it that way it's kind of like a quick I'm cool okay yeah it's like",,,,,,,,,,,
SkN222Bc1AE,SkN222Bc1AE,C:\Users\BadrJOULALI\Downloads\mistral_darija_stt_benchmark\audio\SkN222Bc1AE.mp3,هدا لا النعس ولا النعم فين ما نجي نحط راسي من ورا العصر نتوما تعسوا قبل العصر حنا را كنعسو من وراه ما كيخليوني لا النعس ولا النعم وكينمو فكلشي وهما بقى ليهم غير طوب الأرض ينمو فيه ما كيخليو المرا الكبيرة ولا الصغيرة لا المحمة ولا الشادة فحبل وحتى اللي كياكلو رزقها كيخليوها غير ترق وجها الكشينة وآ راك شتي مول هادو حتى أنا كيشتمو فيا صحاباتي، وهذا اللي ما ظنيتو، حتى أنا كنقول باسلات وما كيفهموش، ولكن يشتمو فيا بلي ما نقبلها. تايها لالا، تا يشتمو فيك، ومصدعين ليا راسي، أنا ما كرهتش شي نهار نخرج ليهم ونهزهم ونصصهم فالخلا، نديهم حتى لتلت الخالي، أنا بعد بلاهم على هاد البلاد، وحتى نتي بقيتي فيا، نبعد بلاهم عليك. واش تيقولوا فيا هاد الكفرات بالله؟ وأنا زعما اللي ما كنخلي حتى حاجة، ما كنديرها ليهم ونتهلى فيهم، واللي تاهت عليا شي حاجة كنوجدها لها وتقول ختي ولا مي. إيوا يا لالا، هادوك النسا تديري فيهم الخير بحال اللي كتكبى الما فالرملة. الخير عندهم ما عندو لا بات ولا أم، غير كتدخلي الكشينة وتبقي تعمر ليهم فدوك البراري ديالها لا، وكيبقاو. إيوا شتي، على زهر عندها تظاهرة، أراجلها شحال معلي فيها، واخا عاقرة ويابسة، دايرة كداك الشجرة الميتة، ما كتجيبلو لا ولاد ولا بنات. حدا ما كتقول عليك فخيتها، كتدور ليها عويشة. ويلاه، أنا شتاب عويناتي، داخلة عندك السحارة المشعوذة، وما خلات من الغجات لداك مسعود حتى ولا حال فموكي الهبيل.,,,,,,,,,,,
uMi_zQXUgjU,uMi_zQXUgjU,C:\Users\BadrJOULALI\Downloads\mistral_darija_stt_benchmark\audio\uMi_zQXUgjU.mp3,"we call casse casse or in a small Moroccan teapot like this which we call in Darija berrad berrad so if you would like it in a teapot just say this expression berrad dyal atay berrad dyal atay berrad dyal atay But if you want it in a cup, you can say casse dyal atay Moroccans are very well known of adding more sugar to the tea. So if you want your tea without sugar, you can say this expression bla sokkar bla sokkar without sugar. And if you want your tea to be less sugar, you can say na9ess sokkar na9ess sokkar Now we're gonna have a look at other drinks that you can order in the Moroccan cafes. Jus d'orange, orange juice. When it comes to orange juice, Moroccans very often use the fresh expression Jus d'orange, jus d'orange. But there is a Darija way to say it which is 3assir dyal limoun 3assir dyal limoun 3assir dyal limoun Let's look at another drink 3assir ديال banane banana juice 3assir ديال banane 3assir ديال banane or 3assir ديال avocat avocado juice 3assir ديال avocat Another drink is l7alib bechoklat hot chocolate لحليب بالشكلات لحليب stands for milk شكلات",,,,,,,,,,,
uuVRsq1bXUE,uuVRsq1bXUE,C:\Users\BadrJOULALI\Downloads\mistral_darija_stt_benchmark\audio\uuVRsq1bXUE.mp3,لعبو بالكرينطة والنية هادي فرقة عالمية كرة زوينة ومغربية الشبكة غنقطعوها لعبو بالكرينطة والنية الخفة والقتالية كرة زوينة ومغربية كاع الماتشات غنربحوها عليو الراية في السما ديما مغرب عليه راية حمرا ونجمة خضرا في ميريكان غنديرو روينة,,,,,,,,,,,
v6x_6K0OR3w,v6x_6K0OR3w,C:\Users\BadrJOULALI\Downloads\mistral_darija_stt_benchmark\audio\v6x_6K0OR3w.mp3,"This same pattern is found in amazigh. This particular word is not used in all local dialects, but there are lots of other similarly formed words, often related to occupations. Also, the reflexive in Darija directly mirrors the amazigh reflexive. أيوب شاف راسو فالمرايا. This means Ayoub saw himself in the mirror. The way himself is expressed literally means his head. In standard Arabic, this sentence would be, رأى أيوب نفسه في المرآة. In standard Arabic, a different word, nafs, is used instead of ras. One extra thing to notice here is that the standard Arabic sentence is VSO, the verb comes at the beginning, but the Darija sentence is SVO, with the subject before the verb. Now let's look at a few Moroccan Darija sentences and break them down. This sentence means, I ride the bus to school every day. كانركب الطوبيس للمدرسة كل نهار. Word for word it's, I ride the bus the school every day. In standard Arabic it would be, أنا أركب الحافلة إلى المدرسة كل يوم. First, notice that the standard Arabic sentence has a subject pronoun, while the Darija sentence doesn't. Actually, it's optional in standard Arabic as well. So, with that optional pronoun aside, notice that the first word of the sentence is different. The Moroccan word has a prefix, keh, to indicate present tense, while the standard Arabic sentence does not. Also, the standard Arabic word has the first person singular prefix, a, while the Moroccan word has, n. In standard Arabic, the prefix n would indicate first person plural. You may have also noticed that the vowel patterns of these two words are different. Next, notice this word, tobis, which comes from the French word autobus. The standard Arabic word is hafila. Both before tobis and before the next word, madrassa, we see the definite article. In standard Arabic, it's al, but in Darija, it's reduced.",,,,,,,,,,,
XjADlVNsF68,XjADlVNsF68,C:\Users\BadrJOULALI\Downloads\mistral_darija_stt_benchmark\audio\XjADlVNsF68.mp3,مع الخليج أو حنا نقول العالم العربي مع العالم المغربي لأنو حنا يعني مثلا أنا كسعودي أنا ما تأحتك في مغربي لكن أنا كسعودي ما تأحتك مع مصري ما تأحتك مع لبناني ما تأحتك مع راقي مع سوري أحتك معاهم كثير كاين في السعودية وفي الخليج أما في الإعلام أو حتى في الحقيقة لكن المغربي أو الجزائري أو التونسي بالخصوص المغربي قد نادر تحتك فيه إلا في حالات محدودة. بس المشكلة هو يفهمونا وحنا ما نفهمهم. مثل ما ذكرت، الإعلام الخليجي أو الإعلام العربي بشكل عام باستثناء المغربي موجود عندهم. فهم يستمعون لكلامنا، لكن حنا ما نستمع لكلامهم. غير أن أهل المغرب يفهمون اللغة العربية الفصيحة. وحنقول أنا طبعا ما أحب العبارة اللي يقولوا أن أهل الخليج كلامهم أشبه ناس الفصحى، لكن لأن هذه عبارة غير صحيحة، لكن حنقول أن كلامنا فيه شبه، حنقول، للهجة الفصيحة. فهذا يعني من أسبابها. لا موقف من الاحتكاك، كان كلام النص الفرنسي، هذا ليس صحيح. التأثير الفرنسي حسبوها علميا ما يزيد من 6 إلى 15% من ناحية المصطلحات. فهي عامل بدون شك، لكن ليس عامل رئيسي. وأصلا من قال حنا كلامنا ما تأثر في الفرنسي؟ حنا الخليجيين، تحديدا السعوديين، من اللي قال كلامنا ما تأثر في الفرنسي؟ واش أنت تسمي، أنت واش تسمي l'espagnol، l'espagnol هادي لغة جات من اللغة الإسبانية، من اللغة العربية بالأصل. مثلا زي المكياج، من وين جات كلمة المكياج؟ من الفرنسيين. مثلا كلمة marque من وين جات؟ جات من اللغة الفرنسية. زي كناب من وين جات؟ في اللغة الفرنسية. فعندنا حنا كلمات راه جات من اللغة الفرنسية قد ما أنا أعلمها pantoufle أصلها كلمة فرنسية حلو يا جماعة الخير فحالي أكيد عامل بدون شك لكن هي مو السبب الرئيسي يعني هي سبب,,,,,,,,,,,
Zz175rkQ7bI,Zz175rkQ7bI,C:\Users\BadrJOULALI\Downloads\mistral_darija_stt_benchmark\audio\Zz175rkQ7bI.mp3,ألو؟ أهلا وسهلا. أهلا وسهلا. إيه، إيه حنا اللي دزنا دابا، أنا اللي صايب خالد. عيانا نيت لي صايب، لا لا هو ما فيه ما يسوق وصافي. لا لا جيبو دور هنايا ورتاحو، ها حنا راجعنا حنا راجعنا مولانا. جيب، لاحظك. واش جيب؟ واخا واخا، اش كدير هنا نتا؟ الله يرحم لك الوالدين أخاليط، الله يعطيك الصحة حنا فزنقة بلا ما تفضحنا، أنا غنقول لك كلشي. كلشي أقول لك دابا. أنا غنقول لك كلشي أخويا، ما تعصبش. أنا مشيت غنشوف واحد السيدة صاحبتي. وشو غتصاحب؟ كيسكن هنا ولا ما غنعرفهاش؟ أنا غنقول لك الله يخلي ليك الحاجة فاطمة متع الصباح. شوف نتا ما شوفتي بيت خبقي لي، هاد المرة اللي كنت عندك شبنا هي. شحال أنا غنقول لك، أنا مشيت غنشوف واحد الشريفة قالوا لي عندها مع هادشي الدراري، واش نشوف؟ واش دابا نتا صافي ساليتي الطب، ساليتي التحاليل، بلوكي بلوك اش كدير؟ واش تيبغي تولدي بزز؟ خالي! واش تحمق؟ شوف شوف شوف خالك، هادي دابا خلات الطب وخلات التحاليل وما كابليناش حتى الماس، باش اللي لقاو هاد اللقجة ليا، هادي غتمشي للحبس ولا غتمشي للحبس؟ واش هاد الولاد هادو؟ واش هاد الولاد غنبقاو نلقاوهم في الحبس ولا تمشيو للحبس؟ صافي خالي صافي. هادي را تصفات ها. صافي صافي. صافي خالي. صافي خالي الله يهديك. ولا تصدع، شايف هاداك ما خليت بعدا، كل الله إلا غادي يباخد من ريك الصرف ولا شي حاجة، وتا شوف شوف ديها، كنخدع.,,,,,,,,,,,
